INSERT INTO CATEGORY (ID, DESCRIPTION) VALUES (1000, 'Eletrônicos');
INSERT INTO CATEGORY (ID, DESCRIPTION) VALUES (2000, 'Livros');
INSERT INTO CATEGORY (ID, DESCRIPTION) VALUES (3000, 'Computadores');
INSERT INTO CATEGORY (ID, DESCRIPTION) VALUES (4000, 'Eletrodomésticos');
INSERT INTO CATEGORY (ID, DESCRIPTION) VALUES (5000, 'Moda');
INSERT INTO CATEGORY (ID, DESCRIPTION) VALUES (6000, 'Alimentos');
INSERT INTO CATEGORY (ID, DESCRIPTION) VALUES (7000, 'Beleza');
INSERT INTO CATEGORY (ID, DESCRIPTION) VALUES (8000, 'Higiene');
INSERT INTO CATEGORY (ID, DESCRIPTION) VALUES (9000, 'Bebês');
INSERT INTO CATEGORY (ID, DESCRIPTION) VALUES (10000, 'Pet Shop');
INSERT INTO CATEGORY (ID, DESCRIPTION) VALUES (11000, 'Jogos');
INSERT INTO CATEGORY (ID, DESCRIPTION) VALUES (12000, 'Brinquedos');
INSERT INTO CATEGORY (ID, DESCRIPTION) VALUES (13000, 'Outros');


INSERT INTO SUPPLIER (ID, NAME) VALUES (100, 'Amazon');
INSERT INTO SUPPLIER (ID, NAME) VALUES (200, 'Target');
INSERT INTO SUPPLIER (ID, NAME) VALUES (300, 'Eletrônica Brasil');

INSERT INTO PRODUCT (ID, NAME, QUANTITY, FK_CATEGORY, FK_SUPPLIER) VALUES (1, 'Smartphone', 1000, 1000, 100);
INSERT INTO PRODUCT (ID, NAME, QUANTITY, FK_CATEGORY, FK_SUPPLIER) VALUES (2, 'Tablet', 500, 1000, 100);
INSERT INTO PRODUCT (ID, NAME, QUANTITY, FK_CATEGORY, FK_SUPPLIER) VALUES (3, 'Notebook', 100, 3000, 200);
INSERT INTO PRODUCT (ID, NAME, QUANTITY, FK_CATEGORY, FK_SUPPLIER) VALUES (4, 'Monitor', 50, 1000, 100);
INSERT INTO PRODUCT (ID, NAME, QUANTITY, FK_CATEGORY, FK_SUPPLIER) VALUES (5, 'Mouse', 1000, 1000, 300);
